<?xml version="1.0" encoding="UTF-8"?>

<!--Autogenerated by Cloudera Manager-->
<configuration>
  <property>
    <name>fs.defaultFS</name>
    <value>hdfs://nameservice1</value>
  </property>
  <property>
    <name>ipc.client.connection.maxidletime</name>
    <value>30000</value>
  </property>
  <property>
    <name>ipc.client.connect.max.retries</name>
    <value>50</value>
  </property>
  <property>
    <name>fs.trash.interval</name>
    <value>1</value>
  </property>
  <property>
    <name>io.compression.codecs</name>
    <value>org.apache.hadoop.io.compress.DefaultCodec,org.apache.hadoop.io.compress.GzipCodec,org.apache.hadoop.io.compress.BZip2Codec,org.apache.hadoop.io.compress.DeflateCodec,org.apache.hadoop.io.compress.SnappyCodec,org.apache.hadoop.io.compress.Lz4Codec</value>
  </property>
  <property>
    <name>hadoop.security.authentication</name>
    <value>kerberos</value>
  </property>
  <property>
    <name>hadoop.security.authorization</name>
    <value>true</value>
  </property>
  <property>
    <name>hadoop.http.header.Strict_Transport_Security</name>
    <value>max-age=0; includeSubDomains</value>
  </property>
  <property>
    <name>hadoop.rpc.protection</name>
    <value>privacy</value>
  </property>
  <property>
    <name>hadoop.security.auth_to_local</name>
    <value>RULE:[2:$1@$0](rangeradmin@CORP.AAL.AU)s/(.*)@CORP.AAL.AU/ranger/
RULE:[2:$1@$0](rangertagsync@CORP.AAL.AU)s/(.*)@CORP.AAL.AU/rangertagsync/
RULE:[2:$1@$0](rangerusersync@CORP.AAL.AU)s/(.*)@CORP.AAL.AU/rangerusersync/
RULE:[2:$1@$0](atlas@CORP.AAL.AU)s/(.*)@CORP.AAL.AU/atlas/
DEFAULT</value>
  </property>
  <property>
    <name>hadoop.proxyuser.oozie.hosts</name>
    <value>*</value>
  </property>
  <property>
    <name>hadoop.proxyuser.oozie.groups</name>
    <value>*</value>
  </property>
  <property>
    <name>hadoop.proxyuser.HTTP.hosts</name>
    <value>*</value>
  </property>
  <property>
    <name>hadoop.proxyuser.HTTP.groups</name>
    <value>*</value>
  </property>
  <property>
    <name>hadoop.proxyuser.hive.hosts</name>
    <value>*</value>
  </property>
  <property>
    <name>hadoop.proxyuser.hive.groups</name>
    <value>*</value>
  </property>
  <property>
    <name>hadoop.proxyuser.hue.hosts</name>
    <value>*</value>
  </property>
  <property>
    <name>hadoop.proxyuser.hue.groups</name>
    <value>*</value>
  </property>
  <property>
    <name>hadoop.proxyuser.httpfs.hosts</name>
    <value>*</value>
  </property>
  <property>
    <name>hadoop.proxyuser.httpfs.groups</name>
    <value>*</value>
  </property>
  <property>
    <name>hadoop.proxyuser.knox.hosts</name>
    <value>*</value>
  </property>
  <property>
    <name>hadoop.proxyuser.knox.groups</name>
    <value>*</value>
  </property>
  <property>
    <name>hadoop.proxyuser.livy.hosts</name>
    <value>*</value>
  </property>
  <property>
    <name>hadoop.proxyuser.livy.groups</name>
    <value>*</value>
  </property>
  <property>
    <name>hadoop.proxyuser.impala.hosts</name>
    <value>*</value>
  </property>
  <property>
    <name>hadoop.proxyuser.impala.groups</name>
    <value>*</value>
  </property>
  <property>
    <name>hadoop.proxyuser.hdfs.groups</name>
    <value>*</value>
  </property>
  <property>
    <name>hadoop.proxyuser.hdfs.hosts</name>
    <value>*</value>
  </property>
  <property>
    <name>hadoop.proxyuser.yarn.hosts</name>
    <value>*</value>
  </property>
  <property>
    <name>hadoop.proxyuser.yarn.groups</name>
    <value>*</value>
  </property>
  <property>
    <name>hadoop.proxyuser.phoenix.hosts</name>
    <value>*</value>
  </property>
  <property>
    <name>hadoop.proxyuser.phoenix.groups</name>
    <value>*</value>
  </property>
  <property>
    <name>hadoop.proxyuser.kudu.hosts</name>
    <value>*</value>
  </property>
  <property>
    <name>hadoop.proxyuser.kudu.groups</name>
    <value>*</value>
  </property>
  <property>
    <name>hadoop.security.group.mapping</name>
    <value>org.apache.hadoop.security.ShellBasedUnixGroupsMapping</value>
  </property>
  <property>
    <name>hadoop.security.instrumentation.requires.admin</name>
    <value>false</value>
  </property>
  <property>
    <name>net.topology.script.file.name</name>
    <value>/etc/hadoop/conf.cloudera.yarn/topology.py</value>
  </property>
  <property>
    <name>io.file.buffer.size</name>
    <value>65536</value>
  </property>
  <property>
    <name>hadoop.ssl.enabled</name>
    <value>true</value>
  </property>
  <property>
    <name>hadoop.ssl.require.client.cert</name>
    <value>false</value>
    <final>true</final>
  </property>
  <property>
    <name>hadoop.ssl.keystores.factory.class</name>
    <value>org.apache.hadoop.security.ssl.FileBasedKeyStoresFactory</value>
    <final>true</final>
  </property>
  <property>
    <name>hadoop.ssl.server.conf</name>
    <value>ssl-server.xml</value>
    <final>true</final>
  </property>
  <property>
    <name>hadoop.ssl.client.conf</name>
    <value>ssl-client.xml</value>
    <final>true</final>
  </property>
  <property>
    <name>hadoop.http.cross-origin.allowed-methods</name>
    <value>GET, PUT, POST, OPTIONS, HEAD,  DELETE</value>
  </property>
  <property>
    <name>hadoop.http.cross-origin.allowed-headers</name>
    <value>X-Requested-With, Content-Type, Accept, Origin, WWW-Authenticate, Accept-Encoding, Transfer-Encoding</value>
  </property>
  <property>
    <name>hadoop.http.cross-origin.max-age</name>
    <value>180</value>
  </property>
</configuration>
