<?xml version="1.0" encoding="UTF-8"?>

<!--Autogenerated by Cloudera Manager-->
<configuration>
  <property>
    <name>dfs.nameservices</name>
    <value>nameservice1</value>
  </property>
  <property>
    <name>dfs.client.failover.proxy.provider.nameservice1</name>
    <value>org.apache.hadoop.hdfs.server.namenode.ha.ConfiguredFailoverProxyProvider</value>
  </property>
  <property>
    <name>dfs.ha.automatic-failover.enabled.nameservice1</name>
    <value>true</value>
  </property>
  <property>
    <name>ha.zookeeper.quorum</name>
    <value>aalhauap2n01.corp.aal.au:2181,aalhauap2n02.corp.aal.au:2181,aalhauap2u01.corp.aal.au:2181</value>
  </property>
  <property>
    <name>dfs.ha.namenodes.nameservice1</name>
    <value>namenode104,namenode150</value>
  </property>
  <property>
    <name>dfs.namenode.rpc-address.nameservice1.namenode104</name>
    <value>aalhauap2n01.corp.aal.au:8020</value>
  </property>
  <property>
    <name>dfs.namenode.servicerpc-address.nameservice1.namenode104</name>
    <value>aalhauap2n01.corp.aal.au:8022</value>
  </property>
  <property>
    <name>dfs.namenode.http-address.nameservice1.namenode104</name>
    <value>aalhauap2n01.corp.aal.au:9870</value>
  </property>
  <property>
    <name>dfs.namenode.https-address.nameservice1.namenode104</name>
    <value>aalhauap2n01.corp.aal.au:9871</value>
  </property>
  <property>
    <name>dfs.namenode.rpc-address.nameservice1.namenode150</name>
    <value>aalhauap2n02.corp.aal.au:8020</value>
  </property>
  <property>
    <name>dfs.namenode.servicerpc-address.nameservice1.namenode150</name>
    <value>aalhauap2n02.corp.aal.au:8022</value>
  </property>
  <property>
    <name>dfs.namenode.http-address.nameservice1.namenode150</name>
    <value>aalhauap2n02.corp.aal.au:9870</value>
  </property>
  <property>
    <name>dfs.namenode.https-address.nameservice1.namenode150</name>
    <value>aalhauap2n02.corp.aal.au:9871</value>
  </property>
  <property>
    <name>dfs.replication</name>
    <value>3</value>
  </property>
  <property>
    <name>dfs.blocksize</name>
    <value>134217728</value>
  </property>
  <property>
    <name>dfs.client.use.datanode.hostname</name>
    <value>false</value>
  </property>
  <property>
    <name>fs.permissions.umask-mode</name>
    <value>022</value>
  </property>
  <property>
    <name>dfs.client.block.write.locateFollowingBlock.retries</name>
    <value>7</value>
  </property>
  <property>
    <name>dfs.encrypt.data.transfer.algorithm</name>
    <value>3des</value>
  </property>
  <property>
    <name>dfs.encrypt.data.transfer.cipher.suites</name>
    <value>AES/CTR/NoPadding</value>
  </property>
  <property>
    <name>dfs.encrypt.data.transfer.cipher.key.bitlength</name>
    <value>256</value>
  </property>
  <property>
    <name>dfs.namenode.acls.enabled</name>
    <value>true</value>
  </property>
  <property>
    <name>dfs.data.transfer.protection</name>
    <value>privacy</value>
  </property>
  <property>
    <name>dfs.client.read.shortcircuit</name>
    <value>true</value>
  </property>
  <property>
    <name>dfs.client.read.shortcircuit.streams.cache.size</name>
    <value>4096</value>
  </property>
  <property>
    <name>dfs.domain.socket.path</name>
    <value>/var/run/hdfs-sockets/dn</value>
  </property>
  <property>
    <name>dfs.client.read.shortcircuit.skip.checksum</name>
    <value>false</value>
  </property>
  <property>
    <name>dfs.client.domain.socket.data.traffic</name>
    <value>false</value>
  </property>
  <property>
    <name>dfs.datanode.hdfs-blocks-metadata.enabled</name>
    <value>true</value>
  </property>
  <property>
    <name>dfs.block.access.token.enable</name>
    <value>true</value>
  </property>
  <property>
    <name>dfs.namenode.kerberos.principal</name>
    <value>hdfs/_HOST@CORP.AAL.AU</value>
  </property>
  <property>
    <name>dfs.namenode.kerberos.internal.spnego.principal</name>
    <value>HTTP/_HOST@CORP.AAL.AU</value>
  </property>
  <property>
    <name>dfs.datanode.kerberos.principal</name>
    <value>hdfs/_HOST@CORP.AAL.AU</value>
  </property>
  <property>
    <name>dfs.nfs.kerberos.principal</name>
    <value>hdfs/_HOST@CORP.AAL.AU</value>
  </property>
  <property>
    <name>dfs.http.policy</name>
    <value>HTTPS_ONLY</value>
  </property>
</configuration>
